Date,Open,High,Low,Close,Volume
2021-07-26,126.35,143.75,125.3,140.65,249720000.0
2021-07-27,141.7,147.8,127.75,132.9,240340000.0
2021-07-28,131.0,135.0,123.55,131.2,159790000.0
2021-07-29,134.95,144.0,132.2,141.55,117970000.0
2021-07-30,142.6,142.7,131.0,133.5,88310000.0
2021-08-02,135.75,140.75,135.15,139.7,66910000.0
2021-08-03,137.0,140.8,137.0,139.4,46610000.0
2021-08-04,139.8,141.0,135.25,138.4,41130000.0
2021-08-05,138.75,138.9,132.0,134.95,38440000.0
2021-08-06,135.5,136.2,130.1,131.35,31980000.0
2021-08-09,132.4,133.55,127.25,130.6,41360000.0
2021-08-10,131.0,131.45,122.1,125.2,43160000.0
2021-08-11,123.0,138.75,123.0,135.65,111700000.0
2021-08-12,135.65,137.4,132.05,135.45,51260000.0
2021-08-13,133.85,139.75,132.1,137.35,33670000.0
2021-08-16,136.4,136.9,132.25,134.95,20310000.0
2021-08-17,132.8,134.35,130.6,132.5,15820000.0
2021-08-18,134.5,136.8,133.3,134.95,22570000.0
2021-08-20,134.95,141.45,133.0,139.3,53790000.0
2021-08-23,137.8,137.8,124.75,127.25,68470000.0
2021-08-24,127.25,127.95,120.5,125.0,56710000.0
2021-08-25,126.0,128.5,123.1,124.25,51080000.0
2021-08-26,125.25,127.15,124.35,125.85,20650000.0
2021-08-27,126.6,129.5,124.1,124.7,22230000.0
2021-08-30,127.85,135.45,127.55,133.55,45240000.0
2021-08-31,134.0,135.2,131.35,134.55,24640000.0
2021-09-01,134.55,135.1,130.7,132.6,16160000.0
2021-09-02,132.0,138.5,131.5,137.6,27880000.0
2021-09-03,135.95,151.4,135.6,149.75,113380000.0
2021-09-06,149.25,149.35,143.25,144.05,34810000.0
2021-09-07,144.9,146.85,138.55,140.05,30420000.0
2021-09-08,141.0,143.6,139.05,141.25,28130000.0
2021-09-09,141.4,142.9,140.0,141.6,18970000.0
2021-09-13,143.25,144.25,142.0,143.15,17430000.0
2021-09-14,145.15,152.75,136.2,144.1,112360000.0
2021-09-15,142.95,145.0,140.75,142.65,38890000.0
2021-09-16,143.0,144.0,141.5,142.05,17630000.0
2021-09-17,142.55,146.9,137.15,137.9,23260000.0
2021-09-20,137.7,140.85,133.25,134.3,19800000.0
2021-09-21,137.2,138.0,131.0,133.45,19330000.0
2021-09-22,135.4,135.4,131.3,132.1,16920000.0
2021-09-23,134.5,140.4,133.05,137.3,31780000.0
2021-09-24,137.55,139.5,136.05,136.65,13100000.0
2021-09-27,139.85,144.75,138.0,143.7,26040000.0
2021-09-28,143.9,143.9,137.65,139.0,13490000.0
2021-09-29,138.0,139.5,136.5,138.5,10800000.0
2021-09-30,139.2,139.2,136.15,136.6,7830000.0
2021-10-01,137.3,140.5,137.0,138.0,11940000.0
2021-10-04,139.1,140.0,138.0,139.1,12000000.0
2021-10-05,138.75,138.8,137.15,137.95,10910000.0
2021-10-06,138.75,139.2,133.7,134.95,9990000.0
2021-10-07,136.75,138.45,136.05,137.1,7320000.0
2021-10-08,138.0,138.0,135.7,136.15,6210000.0
2021-10-11,137.5,137.5,136.15,136.85,4400000.0
2021-10-12,137.3,137.75,135.5,136.6,5600000.0
2021-10-13,137.25,137.4,134.35,135.45,6350000.0
2021-10-14,135.9,137.3,133.7,135.0,8690000.0
2021-10-18,136.0,146.15,135.9,144.05,31450000.0
2021-10-19,144.9,145.1,137.25,138.55,14690000.0
2021-10-20,138.5,140.4,133.85,137.9,12610000.0
2021-10-21,139.75,139.9,135.8,138.15,5950000.0
2021-10-22,138.95,142.0,135.8,137.75,11470000.0
2021-10-25,138.0,138.95,131.55,132.7,13530000.0
2021-10-26,133.0,137.35,133.0,135.45,6450000.0
2021-10-27,136.2,139.25,134.5,134.8,8980000.0
2021-10-28,135.35,136.5,131.5,135.6,11940000.0
2021-10-29,135.0,135.0,130.5,131.55,12930000.0
2021-11-01,133.6,134.3,132.0,132.65,6200000.0
2021-11-02,132.7,133.6,131.75,132.45,7370000.0
2021-11-03,132.9,132.9,127.5,128.35,15920000.0
2021-11-04,130.0,132.4,130.0,131.35,4099999.9999999995
2021-11-08,132.95,133.6,130.6,131.15,17650000.0
2021-11-09,133.0,138.9,131.65,137.65,26460000.0
2021-11-10,136.5,139.15,135.0,136.05,16820000.0
2021-11-11,142.0,144.0,132.6,140.9,83580000.0
2021-11-12,142.0,155.2,142.0,153.0,140550000.0
2021-11-15,149.0,163.3,142.35,160.3,121200000.0
2021-11-16,161.15,169.0,153.8,157.6,109340000.0
2021-11-17,155.95,162.25,154.25,156.55,44510000.0
2021-11-18,158.9,161.85,152.5,154.7,46800000.0
2021-11-22,158.25,158.25,136.8,149.75,79420000.0
2021-11-23,150.0,152.0,144.25,148.7,38240000.0
2021-11-24,151.1,156.4,149.6,155.5,53750000.0
2021-11-25,157.0,161.3,154.05,159.75,48900000.0
2021-11-26,158.45,158.45,146.25,148.15,35970000.0
2021-11-29,148.8,153.9,137.5,149.1,43970000.0
2021-11-30,149.95,158.0,145.3,152.55,258130000.0
2021-12-01,153.0,157.9,149.45,151.4,32610000.0
2021-12-02,151.6,153.8,147.8,150.65,23510000.0
2021-12-03,152.1,152.8,143.85,144.9,26450000.0
2021-12-06,146.6,146.85,135.3,138.55,33250000.0
2021-12-07,141.35,143.8,138.65,139.8,36840000.0
2021-12-08,141.0,148.6,140.25,147.6,37320000.0
2021-12-09,148.65,148.65,145.3,146.25,18380000.0
2021-12-10,144.1,146.4,139.75,140.55,27880000.0
2021-12-13,142.2,144.45,141.9,142.65,20320000.0
2021-12-14,144.7,144.95,140.0,140.65,19470000.0
2021-12-15,140.5,142.0,140.0,140.6,12790000.0
2021-12-16,141.9,142.85,137.4,138.4,17180000.0
2021-12-17,138.95,141.0,132.35,135.35,95390000.0
2021-12-20,135.3,135.75,124.6,126.55,36060000.0
2021-12-21,128.85,132.85,128.6,131.6,20440000.0
2021-12-22,133.05,139.75,133.0,138.65,19430000.0
2021-12-23,140.05,140.75,132.1,133.0,21940000.0
2021-12-24,134.5,134.5,129.6,131.45,17630000.0
2021-12-27,131.35,133.85,128.0,132.75,13930000.0
2021-12-28,133.7,134.0,131.65,132.85,11170000.0
2021-12-29,132.7,137.7,131.55,137.1,18910000.0
2021-12-30,137.05,137.05,133.3,133.95,8369999.999999999
2021-12-31,133.85,138.4,133.4,137.4,11450000.0
2022-01-03,139.7,142.45,138.3,141.35,22520000.0
2022-01-04,141.35,141.55,137.6,138.35,10710000.0
2022-01-05,137.9,137.9,133.3,133.95,15880000.0
2022-01-06,133.0,133.15,129.6,130.0,23780000.0
2022-01-07,130.0,131.45,129.0,129.25,22850000.0
2022-01-10,130.5,130.9,129.4,130.2,11390000.0
2022-01-11,131.0,132.5,130.0,131.3,15400000.0
2022-01-12,132.1,132.9,131.6,132.25,8000000.0
2022-01-13,132.5,133.45,132.35,133.1,6540000.0
2022-01-14,133.1,134.45,132.05,133.6,9440000.0
2022-01-17,133.6,134.5,133.0,134.0,7520000.0
2022-01-18,134.5,134.6,132.8,133.05,9430000.0
2022-01-19,131.7,132.4,128.25,129.2,27810000.0
2022-01-20,127.95,130.7,125.0,125.2,23290000.0
2022-01-21,125.15,125.15,112.55,113.65,59810000.0
2022-01-24,114.0,114.2,90.95,91.35,167040000.0
2022-01-25,90.95,100.45,84.15,100.45,138340000.0
2022-01-27,98.0,98.0,90.45,90.5,106490000.0
2022-01-28,93.6,96.45,88.8,89.55,61450000.0
2022-01-31,91.35,92.5,89.65,90.4,20200000.0
2022-02-01,91.75,95.8,91.05,94.55,32610000.0
2022-02-02,95.75,99.75,94.8,98.9,18670000.0
2022-02-03,98.5,98.5,96.1,97.1,9770000.0
2022-02-04,97.2,97.85,93.6,94.2,15350000.0
2022-02-07,95.1,95.5,93.35,93.55,10900000.0
2022-02-08,94.35,94.65,91.25,93.55,9030000.0
2022-02-09,94.5,95.45,93.6,94.2,7880000.0
2022-02-10,94.9,95.4,93.0,94.45,13260000.0
2022-02-11,92.75,92.75,86.5,88.7,39980000.0
2022-02-14,87.0,87.0,80.55,82.45,35050000.0
2022-02-15,83.5,84.65,75.75,82.7,106220000.0
2022-02-16,85.0,87.0,84.25,84.95,33110000.0
2022-02-17,86.5,90.1,85.9,89.15,29570000.0
2022-02-18,88.1,88.4,85.2,85.9,15040000.0
2022-02-21,84.2,84.8,80.65,81.55,18850000.0
2022-02-22,78.0,80.55,77.0,79.7,28820000.0
2022-02-23,82.0,85.15,81.2,84.15,19850000.0
2022-02-24,78.65,81.5,78.1,78.5,22040000.0
2022-02-25,82.0,83.4,78.15,78.8,22880000.0
2022-02-28,79.0,80.95,76.55,79.95,41980000.0
2022-03-02,80.0,82.0,79.0,79.85,20350000.0
2022-03-03,81.5,83.2,81.2,82.2,16070000.0
2022-03-04,80.5,82.9,79.5,80.2,15150000.0
2022-03-07,79.0,79.65,78.0,79.0,9770000.0
2022-03-08,79.25,80.6,77.6,78.15,12380000.0
2022-03-09,79.45,80.65,78.9,80.35,11890000.0
2022-03-10,82.55,83.95,81.7,82.2,13480000.0
2022-03-11,82.4,82.4,79.5,79.9,18970000.0
2022-03-14,80.7,80.7,79.0,79.3,7260000.0
2022-03-15,79.3,79.6,76.0,76.55,18900000.0
2022-03-16,80.0,80.0,75.5,75.95,42380000.0
2022-03-17,77.2,82.0,76.8,80.85,34440000.0
2022-03-21,82.0,83.3,79.25,80.4,28670000.0
2022-03-22,80.95,81.9,79.3,81.15,23800000.0
2022-03-23,82.0,82.0,80.2,80.75,12520000.0
2022-03-24,80.7,82.35,80.05,80.35,13000000.0
2022-03-25,81.0,81.85,80.25,80.6,13590000.0
2022-03-28,80.6,81.0,79.15,79.65,10040000.0
2022-03-29,80.05,80.5,78.05,78.2,13470000.0
2022-03-30,79.0,86.0,78.5,85.05,41310000.0
2022-03-31,88.7,88.7,81.75,82.3,34670000.0
2022-04-01,82.1,85.6,82.05,84.3,15590000.0
2022-04-04,84.4,87.7,84.4,86.25,18040000.0
2022-04-05,83.0,85.15,82.35,83.9,28430000.0
2022-04-06,83.75,85.3,83.15,84.55,10700000.0
2022-04-07,84.8,85.25,82.25,82.5,9710000.0
2022-04-08,83.5,85.5,82.75,83.4,14850000.0
2022-04-11,83.15,85.85,83.0,84.45,17610000.0
2022-04-12,84.3,84.3,81.0,81.5,12910000.0
2022-04-13,82.5,88.3,82.15,83.9,52990000.0
2022-04-18,83.7,84.4,82.55,82.9,14210000.0
2022-04-19,83.1,83.9,79.45,80.45,13440000.0
2022-04-20,81.6,82.3,80.0,80.3,12800000.0
2022-04-21,81.1,81.85,80.65,80.8,6780000.0
2022-04-22,80.7,81.8,80.2,81.2,7210000.0
2022-04-25,80.5,81.6,78.6,78.75,16719999.999999998
2022-04-26,80.6,80.9,78.6,79.6,9550000.0
2022-04-27,79.4,79.6,75.5,75.85,23630000.0
2022-04-28,77.35,77.6,73.5,73.85,21340000.0
2022-04-29,74.7,74.85,71.1,71.75,24870000.0
2022-05-02,71.75,71.9,68.75,69.5,18460000.0
2022-05-04,69.75,70.0,63.9,64.45,43050000.0
2022-05-05,65.75,66.65,60.5,61.15,40300000.0
2022-05-06,59.3,62.3,57.65,60.5,47190000.0
2022-05-09,59.6,60.4,55.65,56.75,38280000.0
2022-05-10,55.75,56.75,50.05,52.45,45140000.0
2022-05-11,52.0,56.45,50.3,54.2,99810000.0
2022-05-12,53.8,53.9,51.05,51.95,37340000.0
2022-05-13,53.3,59.2,52.25,56.85,79290000.0
2022-05-16,56.85,57.7,54.75,56.4,37040000.0
2022-05-17,56.1,56.7,55.15,56.15,21460000.0
2022-05-18,56.1,59.6,55.85,58.75,57730000.0
2022-05-19,56.5,56.85,54.8,55.35,31970000.0
2022-05-20,56.5,58.75,56.4,58.05,32409999.999999996
2022-05-23,58.7,60.5,56.6,57.05,36830000.0
2022-05-24,57.95,67.6,57.9,64.95,193580000.0
2022-05-25,65.7,66.9,60.65,62.3,104450000.0
2022-05-26,61.0,62.5,59.6,60.45,46560000.0
2022-05-27,63.0,63.0,61.5,62.05,32060000.000000004
2022-05-30,63.25,72.1,62.6,71.05,124100000.0
2022-05-31,68.5,77.7,67.4,74.65,184330000.0
2022-06-01,75.4,79.8,73.1,74.7,127950000.0
2022-06-02,74.4,74.4,71.4,71.95,47870000.0
2022-06-03,73.9,74.85,71.2,72.15,35780000.0
2022-06-06,70.0,71.2,69.2,69.9,30080000.0
2022-06-07,69.7,69.7,64.75,65.4,41760000.0
2022-06-08,66.0,68.6,64.1,67.15,46700000.0
2022-06-09,66.2,69.7,65.0,68.7,47650000.0
2022-06-10,67.3,69.7,66.5,69.0,42040000.0
2022-06-13,67.5,68.3,65.4,67.5,34860000.0
2022-06-14,64.2,70.75,64.0,70.0,66680000.00000001
2022-06-15,70.65,71.9,68.95,70.2,33250000.0
2022-06-16,72.0,72.0,66.1,67.2,41880000.0
2022-06-17,65.65,69.4,65.3,67.05,33600000.0
2022-06-20,68.0,68.0,64.05,65.0,27410000.0
2022-06-21,65.5,67.25,65.35,66.05,22910000.0
2022-06-22,65.95,68.6,65.0,67.6,35030000.0
2022-06-23,67.05,70.0,66.5,69.55,33790000.0
2022-06-24,71.0,71.85,69.55,70.5,23950000.0
2022-06-27,72.65,72.7,65.0,65.85,110750000.0
2022-06-28,65.7,65.7,59.65,60.3,120960000.0
2022-06-29,58.75,61.45,56.85,57.3,96960000.0
2022-06-30,57.8,59.0,53.35,53.85,106890000.0
2022-07-01,54.15,56.7,52.55,56.15,112080000.0
2022-07-04,54.5,55.8,53.3,54.3,56900000.0
2022-07-05,55.4,55.9,54.35,55.45,51280000.0
2022-07-06,55.8,55.8,53.9,54.35,32400000.0
2022-07-07,54.65,55.15,53.75,54.45,35760000.0
2022-07-08,55.0,55.3,54.3,54.8,21410000.0
2022-07-11,54.7,56.5,54.2,56.1,21740000.0
2022-07-12,55.9,59.65,55.5,59.0,57990000.0
2022-07-13,59.0,61.5,58.0,58.35,73380000.0
2022-07-14,58.4,59.0,55.3,55.65,43020000.0
2022-07-15,56.2,56.2,53.35,53.9,48000000.0
2022-07-18,54.7,55.1,52.85,53.6,47690000.0
2022-07-19,53.65,54.4,53.3,53.95,35430000.0
2022-07-20,54.5,54.5,53.2,53.4,37680000.0
2022-07-21,53.35,54.45,52.7,53.5,29400000.0
2022-07-22,53.75,54.0,52.9,53.65,27300000.0
2022-07-25,52.5,52.5,46.0,47.6,232840000.0
2022-07-26,46.6,46.65,41.2,41.65,412300000.0
2022-07-27,40.85,44.4,40.6,43.95,411210000.0
2022-07-28,44.9,46.3,43.05,45.7,267540000.00000003
2022-07-29,45.6,47.2,44.55,46.8,177190000.0
2022-08-01,46.8,47.25,45.05,46.3,135940000.0
2022-08-02,50.0,55.55,48.4,55.55,528900000.0
2022-08-03,52.5,56.9,51.75,55.45,599690000.0
2022-08-04,55.75,58.65,54.5,57.85,420180000.0
2022-08-05,57.9,59.15,53.25,54.6,315020000.0
2022-08-08,54.7,56.2,54.2,55.45,178190000.0
2022-08-10,56.2,56.55,54.5,55.95,200700000.0
2022-08-11,56.9,58.15,56.35,57.9,130940000.0
2022-08-12,58.1,63.1,57.9,61.75,351210000.0
2022-08-16,62.65,67.45,62.5,64.25,250690000.0
2022-08-17,64.8,65.6,61.8,65.25,258070000.0
2022-08-18,65.6,69.25,65.0,67.1,303570000.0
2022-08-19,67.4,68.25,60.15,61.45,295740000.0
2022-08-22,61.0,62.85,59.25,62.0,226770000.0
2022-08-23,62.3,65.25,62.15,64.45,218590000.0
2022-08-24,64.1,64.2,61.7,62.2,116400000.0
2022-08-25,62.8,63.2,61.65,62.1,81140000.0
2022-08-26,62.4,62.7,60.55,61.85,87940000.0
2022-08-29,59.7,60.55,58.35,59.2,98490000.0
2022-08-30,60.2,61.25,57.3,57.95,162050000.0
2022-09-01,58.7,63.15,58.25,62.45,192480000.0
2022-09-02,63.4,63.4,59.4,59.75,137950000.0
2022-09-05,60.45,60.8,59.3,59.65,84540000.0
2022-09-06,60.3,60.8,59.4,59.7,70190000.0
2022-09-07,59.65,60.4,59.2,59.5,59840000.0
2022-09-08,60.35,62.5,59.8,61.35,128430000.0
2022-09-09,62.0,63.65,62.0,62.8,139370000.0
2022-09-12,63.0,63.2,62.25,62.55,64040000.00000001
2022-09-13,63.0,66.6,62.8,65.45,199030000.0
2022-09-14,64.05,65.15,62.75,63.3,119820000.0
2022-09-15,64.0,64.9,63.3,64.6,88190000.0
2022-09-16,64.4,65.0,61.1,63.2,196540000.0
2022-09-19,64.2,65.45,63.45,63.95,70450000.0
2022-09-20,64.9,65.7,62.4,62.85,77900000.0
2022-09-21,63.3,63.95,62.4,63.45,59130000.0
2022-09-22,62.9,63.75,62.6,63.3,34720000.0
2022-09-23,63.0,63.35,60.4,60.8,56730000.0
2022-09-26,60.0,60.65,57.4,57.8,65830000.0
2022-09-27,58.15,59.75,56.95,58.85,79640000.0
2022-09-28,57.8,59.25,57.5,58.05,64330000.0
2022-09-29,59.2,62.0,58.9,61.2,76970000.0
2022-09-30,61.5,62.85,59.75,62.35,71490000.0
2022-10-03,62.0,63.1,61.2,61.9,44530000.0
2022-10-04,63.1,64.45,63.0,64.05,47080000.0
2022-10-06,64.4,66.15,64.25,65.55,59870000.0
2022-10-07,65.15,70.2,64.6,69.55,170880000.0
2022-10-10,68.4,69.7,67.5,68.7,87160000.0
2022-10-11,68.4,69.2,65.0,65.55,70170000.0
2022-10-12,65.65,66.45,63.05,63.75,67800000.0
2022-10-13,64.1,64.65,61.0,61.25,73750000.0
2022-10-14,63.0,64.15,61.6,61.9,85140000.0
2022-10-17,61.9,63.25,61.15,62.65,56010000.0
2022-10-18,63.65,64.4,62.75,63.0,49430000.0
2022-10-19,63.4,63.7,61.5,62.05,52640000.0
2022-10-20,61.7,62.0,60.85,61.3,57510000.0
2022-10-21,61.8,63.2,61.3,61.8,65830000.0
2022-10-24,62.9,62.95,62.05,62.35,7780000.0
2022-10-25,62.7,64.9,62.4,64.6,81040000.0
2022-10-27,64.1,65.65,63.5,65.1,64849999.99999999
2022-10-28,65.25,65.7,62.3,62.6,56790000.0
2022-10-31,63.6,63.85,62.1,63.1,45950000.0
2022-11-01,63.5,63.75,62.7,63.5,50430000.0
2022-11-02,63.75,64.7,62.7,63.0,52920000.0
2022-11-03,62.8,62.8,62.0,62.2,31730000.0
2022-11-04,62.75,63.65,62.45,63.0,35300000.0
2022-11-07,63.85,65.45,63.25,65.1,56820000.0
2022-11-09,65.45,67.5,65.0,65.3,87420000.0
2022-11-10,65.5,65.95,63.15,63.95,44330000.0
2022-11-11,66.0,73.55,65.5,72.8,397760000.0
2022-11-14,74.3,75.45,69.05,69.6,186730000.0
2022-11-15,69.6,71.15,69.1,69.95,68400000.0
2022-11-16,69.95,70.5,67.7,68.7,75430000.0
2022-11-17,68.4,69.8,67.5,67.7,60120000.0
2022-11-18,68.15,69.35,66.9,67.15,62860000.0
2022-11-21,66.4,66.4,63.8,64.3,86000000.0
2022-11-22,64.9,64.9,63.3,63.95,50720000.0
2022-11-23,63.5,64.3,61.4,61.75,69820000.0
2022-11-24,62.3,64.1,62.05,63.2,90680000.0
2022-11-25,64.0,64.9,63.05,64.0,74240000.0
2022-11-28,64.25,65.3,63.8,64.4,53450000.0
2022-11-29,64.4,64.9,63.0,63.55,32229999.999999996
2022-11-30,63.0,66.8,61.9,65.25,549720000.0
2022-12-01,66.5,67.15,65.4,66.65,83610000.0
2022-12-02,66.75,68.9,66.5,68.55,96260000.0
2022-12-05,68.85,69.0,65.0,65.45,85110000.0
2022-12-06,64.75,65.45,64.45,64.8,40040000.0
2022-12-07,65.1,65.4,64.1,64.45,29780000.0
2022-12-08,64.8,64.8,63.65,63.8,35340000.0
2022-12-09,64.2,64.85,63.9,64.15,36490000.0
2022-12-12,64.15,64.75,63.6,64.4,20600000.0
2022-12-13,64.8,65.2,64.35,64.6,21920000.0
2022-12-14,64.85,65.45,64.6,65.0,24600000.0
2022-12-15,64.95,65.25,63.8,64.15,19010000.0
2022-12-16,63.75,64.0,61.85,62.15,48220000.0
2022-12-19,62.4,62.8,62.0,62.15,21470000.0
2022-12-20,62.1,63.2,61.9,62.85,32490000.000000004
2022-12-21,63.2,63.5,60.85,61.35,39980000.0
2022-12-22,61.8,62.05,58.55,58.95,53940000.0
2022-12-23,58.3,58.35,53.2,53.65,93020000.0
2022-12-26,53.95,59.75,53.45,58.15,83570000.0
2022-12-27,59.4,60.6,58.5,58.95,54210000.0
2022-12-28,58.5,60.8,57.85,60.15,70500000.0
2022-12-29,59.5,61.55,59.0,60.85,24970000.0
2022-12-30,61.0,61.45,59.0,59.3,33250000.0
2023-01-02,60.65,60.7,59.8,60.3,18760000.0
2023-01-03,58.85,59.55,57.3,58.95,49700000.0
2023-01-04,58.4,58.7,56.0,56.35,48980000.0
2023-01-05,56.95,57.1,55.6,56.2,34450000.0
2023-01-06,56.2,56.4,54.95,55.25,30270000.0
2023-01-09,56.0,57.25,55.75,56.0,35490000.0
2023-01-10,56.0,56.15,53.8,54.7,45970000.0
2023-01-11,55.0,56.15,54.1,54.35,32630000.000000004
2023-01-12,54.7,55.0,52.95,53.75,38860000.0
2023-01-13,54.1,54.5,53.05,53.25,38740000.0
2023-01-16,54.0,54.3,52.5,52.7,35890000.0
2023-01-17,53.0,53.1,50.0,50.15,77120000.0
2023-01-18,50.4,51.45,48.85,51.0,84540000.0
2023-01-19,50.3,51.9,50.05,51.1,54520000.0
2023-01-20,51.4,52.25,50.55,51.45,47360000.0
2023-01-23,51.9,51.9,50.65,51.0,24660000.0
2023-01-24,51.0,52.3,50.65,52.1,47720000.0
2023-01-25,52.0,52.05,44.35,47.75,237760000.0
2023-01-27,49.0,51.8,46.7,46.95,169790000.0
2023-01-30,47.9,48.55,46.7,47.4,54380000.0
2023-01-31,48.0,50.7,46.45,49.75,95400000.0
2023-02-01,50.0,51.05,47.05,48.15,68750000.0
2023-02-02,48.4,48.9,47.15,47.5,40750000.0
2023-02-03,48.15,49.25,47.7,48.75,42500000.0
2023-02-06,48.7,49.1,47.55,47.75,35960000.0
2023-02-07,48.0,51.0,47.6,49.35,61080000.0
2023-02-08,51.2,55.3,51.1,54.3,265600000.00000003
2023-02-09,54.7,56.8,53.4,54.4,216400000.0
2023-02-10,52.7,54.15,50.7,53.3,176950000.0
2023-02-13,53.0,53.7,51.25,51.8,86160000.0
2023-02-14,51.8,52.5,49.9,50.35,79400000.0
2023-02-15,50.55,50.9,49.8,50.25,49660000.0
2023-02-16,50.8,51.8,50.45,51.4,48840000.0
2023-02-17,51.25,52.2,50.7,51.8,52860000.0
2023-02-20,51.9,55.05,51.75,54.6,93320000.0
2023-02-21,54.6,56.15,54.4,55.35,100110000.0
2023-02-22,54.85,55.4,52.6,52.95,75800000.0
2023-02-23,53.0,56.0,52.8,54.95,118060000.0
2023-02-24,55.5,56.75,54.0,54.45,73440000.0
2023-02-27,54.7,54.75,53.2,53.6,38740000.0
2023-02-28,53.7,54.4,53.0,53.5,45410000.0
2023-03-01,53.5,55.35,53.35,54.95,42850000.0
2023-03-02,54.75,55.2,54.35,54.55,36260000.0
2023-03-03,54.9,55.4,53.2,53.65,36940000.0
2023-03-06,54.0,54.95,53.7,53.95,33490000.000000004
2023-03-08,53.45,55.3,52.65,54.8,44160000.0
2023-03-09,55.1,56.35,53.9,54.05,56020000.0
2023-03-10,53.8,54.5,53.3,53.85,39230000.0
2023-03-13,53.95,54.7,51.6,51.9,52370000.0
2023-03-14,52.0,52.5,50.2,50.75,52250000.0
2023-03-15,51.5,52.2,50.55,50.75,38760000.0
2023-03-16,50.9,53.7,49.85,53.05,61240000.0
2023-03-17,53.45,55.75,53.05,54.9,112920000.0
2023-03-20,53.6,54.75,52.2,53.55,65580000.0
2023-03-21,53.85,54.15,52.65,53.0,31630000.0
2023-03-22,53.4,53.9,52.7,53.1,38440000.0
2023-03-23,52.9,53.2,52.1,52.65,32820000.0
2023-03-24,52.5,52.85,50.15,50.65,67240000.0
2023-03-27,50.7,51.3,49.25,50.1,49620000.0
2023-03-28,50.2,50.55,49.0,50.25,50430000.0
2023-03-29,50.25,51.75,49.6,51.25,41460000.0
2023-03-31,51.25,51.7,50.65,51.0,56570000.0
2023-04-03,51.5,52.15,50.9,51.95,29240000.0
2023-04-05,52.1,52.9,51.55,51.7,25500000.0
2023-04-06,51.75,52.45,51.3,52.15,19700000.0
2023-04-10,52.15,54.2,51.8,53.95,60660000.0
2023-04-11,54.65,55.25,53.25,53.95,41100000.0
2023-04-12,54.25,54.25,52.9,53.2,30850000.0
2023-04-13,53.2,54.15,52.85,53.85,26650000.0
2023-04-17,54.2,54.25,53.0,53.95,24790000.0
2023-04-18,54.05,54.2,53.05,53.3,27620000.0
2023-04-19,53.6,55.95,53.2,54.15,62020000.0
2023-04-20,54.15,54.4,53.65,54.2,23100000.0
2023-04-21,54.3,56.75,54.1,56.05,106710000.0
2023-04-24,55.5,56.4,54.7,56.0,43290000.0
2023-04-25,56.4,60.6,56.2,57.75,199060000.0
2023-04-26,58.1,59.0,57.1,58.2,59770000.0
2023-04-27,58.6,61.15,58.35,60.7,82970000.0
2023-04-28,60.8,66.0,59.55,64.9,190940000.0
2023-05-02,64.5,65.65,63.05,63.45,112760000.0
2023-05-03,63.45,64.95,63.15,63.55,65080000.0
2023-05-04,63.5,66.6,63.35,65.7,123040000.0
2023-05-05,65.5,66.7,64.25,65.4,94020000.0
2023-05-08,64.6,66.2,63.5,64.9,104940000.0
2023-05-09,64.7,64.7,60.3,60.95,127850000.0
2023-05-10,61.0,62.9,60.95,61.8,70220000.0
2023-05-11,62.6,63.5,62.0,62.4,75060000.0
2023-05-12,62.5,63.65,61.6,62.6,73160000.0
2023-05-15,62.1,64.1,61.95,63.7,55890000.0
2023-05-16,64.0,65.0,62.4,63.0,59310000.0
2023-05-17,63.0,64.05,62.25,63.35,47440000.0
2023-05-18,64.2,64.6,63.1,63.5,54300000.0
2023-05-19,63.95,65.0,63.2,64.5,73620000.0
2023-05-22,64.7,66.85,61.8,63.5,147010000.0
2023-05-23,63.05,64.0,62.55,63.2,50800000.0
2023-05-24,63.0,64.7,62.75,64.45,60480000.0
2023-05-25,64.8,68.2,64.5,67.3,139720000.0
2023-05-26,67.3,68.25,65.75,67.25,86470000.0
2023-05-29,67.8,68.4,66.6,67.1,56970000.0
2023-05-30,67.5,68.3,66.45,66.85,60700000.0
2023-05-31,67.3,70.0,66.3,69.05,251810000.0
2023-06-01,68.7,68.8,67.6,67.95,57850000.0
2023-06-02,70.0,73.2,69.5,71.15,170770000.0
2023-06-05,71.3,72.15,69.6,71.25,84080000.0
2023-06-06,71.55,73.15,71.35,72.35,64760000.00000001
2023-06-07,72.5,75.0,72.4,74.5,67870000.0
2023-06-08,74.8,76.35,73.7,75.8,88010000.0
2023-06-09,77.05,78.0,75.85,77.6,77280000.0
2023-06-12,78.3,80.3,76.5,77.95,105390000.0
2023-06-13,77.9,78.8,76.7,78.3,81860000.0
2023-06-14,78.3,78.45,73.25,74.1,83190000.0
2023-06-15,74.5,76.1,73.1,75.1,93320000.0
2023-06-16,75.55,76.0,73.9,74.45,45780000.0
2023-06-19,74.6,77.0,74.1,75.85,62740000.0
2023-06-20,76.0,76.4,74.8,75.85,30590000.0
2023-06-21,76.1,77.35,74.65,75.1,31900000.0
2023-06-22,75.5,75.85,73.65,74.35,40420000.0
2023-06-23,73.9,75.3,72.55,74.15,51780000.0
2023-06-26,74.15,75.25,73.8,74.85,30410000.0
2023-06-27,75.15,76.95,74.85,76.15,59080000.0
2023-06-28,77.0,77.0,74.6,74.9,30570000.0
2023-06-30,75.0,75.45,74.0,75.05,49250000.0
2023-07-03,75.45,77.25,74.55,75.65,49240000.0
2023-07-04,75.8,76.2,74.5,74.8,24150000.0
2023-07-05,74.85,75.1,73.7,74.05,25460000.0
2023-07-06,74.45,75.25,74.3,74.75,24470000.0
2023-07-07,74.8,74.9,73.0,73.25,26600000.0
2023-07-10,73.45,75.55,73.4,74.8,33810000.0
2023-07-11,75.05,77.0,74.9,76.8,42950000.0
2023-07-12,77.5,78.8,77.15,77.5,64209999.99999999
2023-07-13,77.85,84.5,77.65,82.2,192610000.0
2023-07-14,84.0,85.25,81.65,82.55,91570000.0
2023-07-17,83.2,83.4,79.5,80.15,43380000.0
2023-07-18,80.65,80.65,76.5,78.7,71220000.0
2023-07-19,79.0,80.35,77.25,77.65,42130000.0
2023-07-20,78.05,79.1,77.3,77.6,40500000.0
2023-07-21,77.85,80.7,77.4,80.3,74990000.0
2023-07-24,80.8,82.45,80.55,81.3,64290000.00000001
2023-07-25,81.3,83.2,79.3,82.65,72460000.0
2023-07-26,83.1,84.6,82.5,83.35,59290000.0
2023-07-27,83.35,86.1,82.8,84.95,77250000.0
2023-07-28,85.6,87.25,83.85,86.8,74800000.0
2023-07-31,87.0,87.15,83.7,84.1,49090000.0
2023-08-01,84.6,85.7,84.2,84.75,34950000.0
2023-08-02,84.45,85.95,82.65,85.05,54840000.0
2023-08-03,81.6,88.4,81.6,86.55,123480000.0
2023-08-04,89.0,98.4,88.4,95.4,405750000.0
2023-08-07,97.4,102.85,96.35,97.6,249330000.0
2023-08-08,98.35,100.3,92.7,93.45,160240000.0
2023-08-09,93.9,94.85,91.6,94.1,109240000.0
2023-08-10,94.1,96.15,93.25,94.25,87600000.0
2023-08-11,94.6,95.2,93.05,93.45,38160000.0
2023-08-14,93.4,93.4,91.35,92.75,46670000.0
2023-08-16,92.45,95.6,91.5,91.9,76330000.0
2023-08-17,92.3,93.25,90.5,91.15,45660000.0
2023-08-18,91.0,91.4,89.0,89.35,50510000.0
2023-08-21,90.5,90.5,88.3,89.75,36760000.0
2023-08-22,90.3,94.3,90.1,91.9,104410000.0
2023-08-23,92.95,95.0,92.05,94.3,64769999.99999999
2023-08-24,95.75,95.75,93.2,93.8,47600000.0
2023-08-25,93.35,93.35,90.05,91.0,65080000.0
2023-08-28,96.0,96.1,91.75,92.35,141120000.0
2023-08-29,92.75,95.0,92.6,94.7,86710000.0
2023-08-30,99.5,100.5,97.2,99.8,250110000.0
2023-08-31,100.05,100.8,96.7,97.6,113060000.0
2023-09-01,98.3,98.35,96.85,97.2,47560000.0
2023-09-04,97.5,98.6,97.3,98.05,37450000.0
2023-09-05,98.15,99.3,97.05,98.2,51130000.0
2023-09-06,98.4,98.85,97.65,98.2,28330000.0
2023-09-07,98.65,101.6,98.2,100.05,111220000.0
2023-09-08,100.75,101.1,99.0,99.6,63480000.0
2023-09-11,100.0,102.55,99.2,101.35,83850000.0
2023-09-12,102.4,102.5,96.5,98.75,90910000.0
2023-09-13,98.75,100.75,97.0,97.9,71660000.0
2023-09-14,98.65,100.1,98.2,99.45,45230000.0
2023-09-15,100.5,104.45,100.35,102.95,148850000.0
2023-09-18,103.6,105.0,101.65,102.15,69480000.0
2023-09-20,101.3,104.9,99.3,100.0,104120000.0
2023-09-21,100.0,100.95,98.25,99.15,40590000.0
2023-09-22,99.5,101.4,98.7,99.9,39490000.0
2023-09-25,100.3,100.5,97.75,98.45,34410000.0
2023-09-26,98.6,100.4,97.9,99.9,36820000.0
2023-09-27,99.9,101.2,98.5,100.1,34890000.0
2023-09-28,100.35,100.6,99.3,99.95,25890000.0
2023-09-29,100.05,102.75,99.6,101.5,49520000.0
2023-10-03,101.0,105.9,100.0,105.3,82980000.0
2023-10-04,104.4,104.4,100.35,100.75,68730000.0
2023-10-05,102.6,107.7,102.35,105.4,140100000.0
2023-10-06,106.4,107.2,104.0,104.45,65040000.00000001
2023-10-09,103.8,105.25,101.0,103.9,53810000.0
2023-10-10,104.9,107.95,104.65,106.05,67710000.0
2023-10-11,106.8,109.8,106.55,109.0,93840000.0
2023-10-12,110.2,113.25,109.5,109.85,117710000.0
2023-10-13,109.85,111.8,109.1,111.0,55790000.0
2023-10-16,111.9,112.75,110.85,111.5,47460000.0
2023-10-17,112.5,114.2,111.5,113.85,55350000.0
2023-10-18,114.5,115.1,109.5,113.2,100550000.0
2023-10-19,112.0,113.15,110.65,111.65,43520000.0
2023-10-20,114.0,114.5,112.15,113.35,64430000.00000001
2023-10-23,113.8,113.9,106.8,108.9,70940000.0
2023-10-25,105.65,109.5,105.55,108.25,59690000.0
2023-10-26,107.5,108.0,101.25,106.45,108610000.0
2023-10-27,107.35,109.25,105.05,105.65,43740000.0
2023-10-30,106.2,108.6,105.7,107.7,48280000.0
2023-10-31,107.85,108.15,104.25,105.1,49380000.0
2023-11-01,105.6,107.15,103.25,103.7,47910000.0
2023-11-02,105.0,108.0,104.9,107.55,47090000.0
2023-11-03,108.8,119.9,108.7,116.5,238830000.0
2023-11-06,119.6,123.9,118.25,123.3,186290000.0
2023-11-07,123.55,126.35,120.5,121.3,120890000.0
2023-11-08,122.0,125.7,121.3,125.15,75040000.0
2023-11-09,125.25,125.55,121.35,121.85,50310000.0
2023-11-10,122.0,123.3,120.7,121.3,43390000.0
2023-11-12,123.25,123.95,122.5,123.3,10520000.0
2023-11-13,122.65,123.1,121.5,122.2,28350000.0
2023-11-15,123.3,125.2,119.75,120.25,60090000.0
2023-11-16,120.9,122.55,120.7,121.85,36900000.0
2023-11-17,122.0,125.0,121.5,122.2,43880000.0
2023-11-20,122.85,123.4,117.35,118.15,52780000.0
2023-11-21,118.55,119.0,116.05,116.5,45190000.0
2023-11-22,116.0,117.8,114.35,115.3,52800000.0
2023-11-23,113.6,115.75,112.5,112.95,56330000.0
2023-11-24,114.15,116.0,112.9,113.25,49980000.0
2023-11-28,114.9,116.9,113.5,113.8,61960000.0
2023-11-29,117.0,119.2,114.0,116.6,115270000.0
2023-11-30,118.8,120.7,116.15,118.55,225210000.0
2023-12-01,118.0,118.35,115.1,116.3,57260000.0
2023-12-04,118.75,119.0,116.25,117.4,66060000.0
2023-12-05,117.9,118.25,116.25,116.75,57480000.0
2023-12-06,117.15,119.7,116.6,118.9,48170000.0
2023-12-07,119.6,122.2,118.4,121.7,52480000.0
2023-12-08,123.0,123.9,119.3,119.95,44210000.0
2023-12-11,119.95,120.5,117.55,118.45,32369999.999999996
2023-12-12,119.0,119.3,114.15,116.75,40800000.0
2023-12-13,116.9,120.5,116.15,120.0,48090000.0
2023-12-14,121.0,124.95,120.5,124.15,74180000.0
2023-12-15,124.5,125.0,122.4,123.6,39540000.0
2023-12-18,123.4,129.2,121.55,128.55,89550000.0
2023-12-19,129.0,131.75,127.4,130.25,64120000.00000001
2023-12-20,130.35,131.0,123.15,124.75,49010000.0
2023-12-21,122.15,128.7,120.2,127.35,52330000.0
2023-12-22,130.55,131.0,125.3,128.5,63110000.0
2023-12-26,128.5,128.7,124.3,125.0,25500000.0
2023-12-27,125.7,127.6,125.55,127.05,21760000.0
2023-12-28,124.9,125.5,120.6,123.2,72870000.0
2023-12-29,124.0,125.55,123.25,123.7,27510000.0
2024-01-01,124.45,125.6,122.85,124.5,24230000.0
2024-01-02,127.0,129.45,125.5,128.7,69400000.0
2024-01-03,128.8,130.25,127.1,127.55,39100000.0
2024-01-04,128.4,130.9,126.45,129.75,45290000.0
2024-01-05,130.9,134.35,128.95,133.3,55610000.0
2024-01-08,133.65,133.65,130.0,132.85,38910000.0
2024-01-09,133.2,135.0,132.6,134.3,33800000.0
2024-01-10,134.25,136.15,132.25,134.65,29920000.0
2024-01-11,135.3,139.0,135.05,138.35,41810000.0
2024-01-12,140.0,141.5,136.8,139.55,45510000.0
2024-01-15,139.55,139.85,132.85,133.4,53570000.0
2024-01-16,135.0,135.3,131.0,133.55,47040000.0
2024-01-17,132.4,132.4,126.75,127.4,76780000.0
2024-01-18,128.05,129.8,121.6,129.45,111950000.0
2024-01-19,130.5,135.5,128.0,135.05,81160000.0
2024-01-20,135.45,136.9,132.0,134.1,25820000.0
2024-01-23,136.3,137.3,127.0,130.1,72520000.0
2024-01-24,131.45,136.9,129.8,136.2,54610000.0
2024-01-25,135.9,138.2,132.8,136.15,60680000.0
2024-01-29,136.9,137.7,132.35,135.55,55870000.0
2024-01-30,135.85,138.8,134.65,137.2,57610000.0
2024-01-31,140.0,142.0,138.0,139.55,89830000.0
2024-02-01,141.0,143.5,138.55,140.55,70250000.0
2024-02-02,141.8,145.0,141.45,143.8,78670000.0
2024-02-05,145.0,145.4,138.25,140.25,54190000.0
2024-02-06,140.4,141.8,138.05,139.95,46780000.0
2024-02-07,141.0,142.9,139.65,140.4,75080000.0
2024-02-08,142.5,147.5,139.0,144.1,184840000.0
2024-02-09,146.9,151.4,142.25,149.45,257920000.00000003
2024-02-12,151.0,158.8,149.5,153.8,155850000.0
2024-02-13,154.35,157.9,149.0,154.75,79940000.0
2024-02-14,152.95,153.75,150.1,152.25,38220000.0
2024-02-15,157.0,159.2,154.0,154.85,77370000.0
2024-02-16,156.9,160.0,155.35,156.7,61210000.0
2024-02-19,157.45,160.45,155.6,157.5,60220000.0
2024-02-20,159.7,163.8,158.7,161.05,85360000.0
2024-02-21,162.3,167.8,157.6,158.65,91140000.0
2024-02-22,159.55,163.0,156.6,162.1,67610000.0
2024-02-23,162.4,164.8,160.8,164.05,37200000.0
2024-02-26,165.2,168.5,163.15,164.2,33430000.0
2024-02-27,163.75,163.85,158.0,161.3,29920000.0
2024-02-28,161.9,161.95,155.35,159.35,41880000.0
2024-02-29,156.45,168.85,155.45,165.45,175790000.0
2024-03-01,168.0,173.5,165.6,166.5,42590000.0
2024-03-02,167.55,168.3,165.3,167.65,3030000.0
2024-03-04,168.0,175.6,168.0,169.8,55750000.0
2024-03-05,170.75,171.5,164.05,165.85,29310000.0
2024-03-06,164.4,164.4,157.5,161.55,95620000.0
2024-03-07,161.75,163.45,158.65,160.0,43690000.0
2024-03-11,161.0,163.2,149.0,154.85,51520000.0
2024-03-12,156.6,157.9,152.15,156.9,31160000.0
2024-03-13,157.45,158.25,147.5,148.65,53200000.0
2024-03-14,147.1,157.3,144.3,152.75,45710000.0
2024-03-15,152.85,161.7,152.45,160.05,95090000.0
2024-03-18,162.5,164.45,157.25,158.25,35380000.0
2024-03-19,158.6,161.45,156.5,157.95,24850000.0
2024-03-20,159.45,166.7,159.0,165.6,45540000.0
2024-03-21,168.0,171.0,166.4,169.65,42230000.0
2024-03-22,170.45,174.9,169.05,174.2,41780000.0
2024-03-26,173.4,183.65,172.2,182.6,64590000.0
2024-03-27,183.6,189.0,177.2,179.45,50530000.0
2024-03-28,179.8,184.7,176.0,182.1,42570000.0
2024-04-01,183.9,188.2,182.75,184.5,20790000.0
2024-04-02,185.0,185.0,180.75,183.1,36350000.0
2024-04-03,181.95,182.0,177.85,178.3,24270000.0
2024-04-04,180.5,188.15,180.25,187.0,52770000.0
2024-04-05,188.25,191.8,187.25,190.5,35240000.0
2024-04-08,191.6,194.0,190.55,191.8,23090000.0
2024-04-09,192.55,195.5,188.75,193.7,30820000.0
2024-04-10,195.0,199.6,194.05,196.9,35140000.0
2024-04-12,195.85,199.7,190.5,192.1,56540000.0
2024-04-15,188.0,192.4,184.5,188.3,48460000.0
2024-04-16,187.0,189.3,183.9,186.45,43270000.0
2024-04-18,188.5,189.25,183.0,185.2,35350000.0
2024-04-19,182.3,191.0,181.4,189.2,34110000.0
2024-04-22,193.0,197.7,190.8,193.35,28790000.0
2024-04-23,194.4,194.5,186.6,187.45,35740000.0
2024-04-24,189.0,189.1,183.15,184.4,32619999.999999996
2024-04-25,184.0,188.9,182.5,184.7,38840000.0
2024-04-26,189.0,190.45,186.35,188.1,33780000.0
2024-04-29,189.4,194.3,186.45,193.6,33420000.0
2024-04-30,195.0,196.95,192.2,193.15,39380000.0
2024-05-02,193.6,195.95,192.75,195.45,27390000.0
2024-05-03,196.8,200.35,193.1,197.25,37880000.0
2024-05-06,199.0,202.0,194.5,195.7,26390000.0
2024-05-07,196.15,196.35,182.35,191.45,48160000.0
2024-05-08,190.65,196.0,187.3,195.45,47940000.0
2024-05-09,195.0,199.7,193.1,195.25,47270000.0
2024-05-10,196.35,205.0,189.9,201.3,52720000.0
2024-05-13,205.8,207.2,186.75,194.3,114140000.0
2024-05-14,191.7,193.45,182.1,187.3,110070000.0
2024-05-15,188.8,193.4,183.15,192.0,44770000.0
2024-05-16,192.9,195.85,189.0,195.2,35480000.0
2024-05-17,195.15,196.0,193.1,194.85,20840000.0
2024-05-18,194.5,194.5,194.5,194.5,20840000.0
2024-05-21,194.4,196.5,188.75,189.1,33450000.000000004
2024-05-22,190.0,190.0,183.35,185.5,40370000.0
2024-05-23,186.5,189.4,184.5,186.8,20930000.0
2024-05-24,188.0,188.0,179.1,182.9,37060000.0
2024-05-27,183.9,185.45,178.4,183.65,47650000.0
2024-05-28,184.35,184.8,180.4,181.6,34440000.0
2024-05-29,180.55,185.4,180.0,183.35,30890000.0
2024-05-30,183.0,185.0,179.0,180.6,33680000.0
2024-05-31,178.8,183.15,171.25,179.15,149280000.0
2024-06-03,184.5,185.5,175.0,175.45,53440000.0
2024-06-04,176.5,176.5,146.3,172.0,75270000.0
2024-06-05,175.0,185.3,166.75,183.8,57210000.0
2024-06-06,185.0,185.8,182.5,183.65,20890000.0
2024-06-07,182.5,187.0,180.7,184.0,33180000.0
2024-06-10,184.0,186.5,181.56,182.16,33159999.999999996
2024-06-11,182.6,186.0,180.1,184.02,41800000.0
2024-06-12,184.39,184.88,179.33,179.65,42830000.0
2024-06-13,183.8,185.8,180.15,184.94,47890000.0
2024-06-14,185.7,186.6,184.05,186.24,29820000.0
2024-06-18,187.5,189.1,184.8,188.61,40630000.0
2024-06-19,190.0,201.0,189.56,198.49,112270000.0
2024-06-20,199.99,201.8,195.0,197.05,44400000.0
2024-06-21,197.9,199.95,193.05,193.95,37840000.0
2024-06-24,193.9,199.8,191.95,198.92,34200000.0
2024-06-25,201.75,204.7,200.0,202.27,60670000.0
2024-06-26,202.56,203.48,196.0,197.25,38930000.0
2024-06-27,198.2,201.5,196.0,200.15,32540000.0
2024-06-28,201.3,203.92,199.1,200.56,37290000.0
2024-07-01,199.71,204.5,194.56,203.97,53540000.0
2024-07-02,204.0,209.84,202.25,209.09,65700000.0
2024-07-03,209.45,213.95,205.33,208.44,61480000.0
2024-07-04,208.39,210.29,206.7,207.44,30000000.0
2024-07-05,207.0,208.4,204.77,207.57,29680000.0
2024-07-08,208.25,210.0,206.0,207.93,18260000.0
2024-07-09,207.8,214.0,206.61,212.56,39310000.0
2024-07-10,213.0,213.39,205.74,211.37,29850000.0
2024-07-11,211.47,218.95,211.37,217.14,45770000.0
2024-07-12,219.0,223.25,217.05,222.47,45580000.0
2024-07-15,225.0,232.0,225.0,229.15,51200000.0
2024-07-16,230.0,230.35,215.3,217.49,44680000.0
2024-07-18,217.75,221.4,210.25,220.62,58540000.0
2024-07-19,217.99,220.49,213.67,218.89,39260000.0
2024-07-22,214.0,222.19,214.0,221.66,33700000.0
2024-07-23,222.5,223.72,207.0,217.91,36590000.0
2024-07-24,217.85,225.5,215.6,223.49,32360000.0
2024-07-25,221.0,223.97,216.95,219.31,26120000.0
2024-07-26,219.0,226.62,216.85,224.62,35690000.0
2024-07-29,226.62,229.46,224.1,226.89,40640000.0
2024-07-30,226.95,231.2,225.11,227.13,39380000.0
2024-07-31,227.61,230.14,226.05,229.45,25010000.0
2024-08-01,231.0,238.0,228.0,234.09,87890000.0
2024-08-02,244.5,278.7,243.0,262.34,389060000.0
2024-08-05,254.0,265.55,249.0,256.29,156110000.0
2024-08-06,265.9,275.0,247.2,249.08,143460000.0
2024-08-07,261.53,267.6,251.81,265.67,127380000.0
2024-08-08,265.0,267.5,260.0,265.59,57920000.0
2024-08-09,267.73,272.9,265.55,267.09,52600000.0
2024-08-12,263.5,266.49,261.35,263.43,33509999.999999996
2024-08-13,265.0,265.4,256.0,257.08,26130000.0
2024-08-14,260.3,264.5,255.5,260.14,41740000.0
2024-08-16,260.7,266.2,257.01,264.43,42930000.0
2024-08-19,278.0,280.9,261.0,262.17,80440000.0
2024-08-20,262.0,264.45,258.25,263.12,132400000.0
2024-08-21,263.12,264.45,259.0,260.03,38610000.0
2024-08-22,264.0,267.0,256.01,257.96,73890000.0
2024-08-23,260.41,269.9,258.31,262.65,102220000.0
2024-08-26,263.8,264.42,258.1,259.39,36180000.0
2024-08-27,260.75,261.4,255.4,256.05,31820000.0
2024-08-28,257.0,257.74,252.15,253.04,28600000.0
2024-08-29,254.78,256.35,248.51,252.34,37770000.0
2024-08-30,253.5,255.45,248.81,250.53,50160000.0
2024-09-02,252.0,252.3,241.85,244.45,55830000.0
2024-09-03,246.75,252.95,245.4,247.7,66540000.00000001
2024-09-04,244.45,245.0,240.4,242.85,58760000.0
2024-09-05,248.05,261.6,246.0,254.85,115630000.0
2024-09-06,255.0,262.15,254.25,259.95,75700000.0
2024-09-09,260.0,265.0,256.3,263.2,58530000.0
2024-09-10,265.85,270.3,259.55,267.7,68660000.0
2024-09-11,268.25,281.5,268.1,271.75,121880000.0
2024-09-12,276.3,286.0,274.3,283.9,101690000.0
2024-09-13,285.4,286.45,271.1,272.9,82150000.0
2024-09-16,274.5,282.0,269.2,277.7,47790000.0
2024-09-17,277.65,278.0,270.0,270.75,33520000.000000004
2024-09-18,270.65,277.85,269.9,275.85,30230000.0
2024-09-19,276.5,280.95,272.25,278.85,48230000.0
2024-09-20,279.0,293.0,278.95,290.5,84420000.0
2024-09-23,292.0,298.25,290.55,297.0,48760000.0
2024-09-24,298.0,298.0,290.25,291.7,40840000.0
2024-09-25,291.8,291.85,283.05,285.4,47690000.0
2024-09-26,285.4,285.9,278.5,283.9,39060000.0
2024-09-27,275.4,286.9,273.5,278.15,58810000.0
2024-09-30,277.9,277.9,272.45,273.3,40980000.0
2024-10-01,272.55,276.45,271.3,274.15,32110000.0
2024-10-03,269.7,272.45,268.0,269.0,40790000.0
2024-10-04,267.0,277.85,264.1,275.3,59100000.0
2024-10-07,278.55,279.0,261.6,266.1,51380000.0
2024-10-08,266.0,280.9,262.6,278.7,68960000.0
2024-10-09,279.0,290.0,275.35,279.95,62970000.0
2024-10-10,280.5,282.45,274.1,275.35,38900000.0
2024-10-11,276.4,279.0,275.5,277.55,17130000.0
2024-10-14,280.9,285.25,278.0,280.05,45220000.0
2024-10-15,283.0,283.0,276.1,279.55,23990000.0
2024-10-16,279.0,279.4,273.0,274.25,20870000.0
2024-10-17,275.0,275.15,268.6,270.55,25230000.0
2024-10-18,256.9,270.3,255.25,257.45,108020000.0
2024-10-21,258.0,267.0,254.5,265.7,88320000.0
2024-10-22,267.0,270.9,252.75,256.35,69960000.0
2024-10-23,256.35,268.0,242.1,264.05,161600000.0
2024-10-24,267.2,268.4,252.55,254.3,60350000.0
2024-10-25,256.0,257.95,246.5,253.8,66830000.0
2024-10-28,252.0,259.25,247.1,253.95,41030000.0
2024-10-29,254.95,255.9,248.45,252.25,30240000.0
2024-10-30,249.15,250.5,245.05,246.85,48400000.0
2024-10-31,248.0,248.8,240.4,241.75,36740000.0
2024-11-01,244.4,250.0,244.15,248.99,13010000.0
2024-11-04,242.93,246.99,240.0,245.08,49190000.0
2024-11-05,244.0,246.35,239.45,241.87,42080000.0
2024-11-06,243.3,256.14,243.3,254.94,61730000.0
2024-11-07,257.0,262.45,254.0,255.22,56970000.0
2024-11-08,256.2,258.12,245.9,248.73,48680000.0
2024-11-11,244.75,259.5,244.0,258.62,43970000.0
2024-11-12,259.95,264.9,255.3,260.99,50980000.0
2024-11-13,258.08,263.43,254.53,258.4,61480000.0
2024-11-14,261.5,271.0,260.7,269.66,84970000.0
2024-11-18,274.3,274.4,269.36,270.79,59800000.0
2024-11-19,271.94,272.7,267.66,271.36,42990000.0
2024-11-21,273.7,275.49,262.11,266.81,57740000.0
2024-11-22,266.8,268.99,262.55,264.2,26630000.0
2024-11-25,273.25,284.34,271.17,273.31,119530000.0
2024-11-26,273.8,281.14,272.61,280.11,48370000.0
2024-11-27,281.0,289.7,278.76,284.72,66640000.0
2024-11-28,285.6,288.25,281.43,286.13,49580000.0
2024-11-29,285.0,287.49,273.62,279.76,73430000.0
2024-12-02,281.9,285.7,280.45,282.5,35170000.0
2024-12-03,279.7,282.35,279.0,279.85,30080000.0
2024-12-04,283.0,288.0,283.0,286.25,45520000.0
2024-12-05,288.25,304.65,286.85,299.35,102150000.0
2024-12-06,300.0,303.9,296.25,302.95,49310000.0
2024-12-09,304.7,304.7,291.8,295.3,51130000.0
2024-12-10,296.75,299.45,295.0,295.85,31330000.0
2024-12-11,290.0,294.3,288.6,291.8,39050000.0
2024-12-12,291.8,295.0,284.1,284.9,38410000.0
2024-12-13,279.0,288.95,278.2,288.25,47300000.0
2024-12-16,289.0,295.9,286.55,294.15,31320000.0
2024-12-17,295.5,303.45,292.3,296.8,72720000.0
2024-12-18,297.7,297.7,290.0,291.9,28350000.0
2024-12-19,288.05,290.2,284.7,288.5,31350000.0
2024-12-20,290.0,290.5,274.2,282.1,271470000.0
2024-12-23,273.9,282.9,272.0,273.95,74590000.0
2024-12-24,274.5,277.0,269.1,274.85,37010000.0
2024-12-26,276.6,276.8,271.25,273.2,26030000.0
2024-12-27,274.9,275.9,269.75,271.25,19000000.0
2024-12-30,271.25,291.6,269.8,282.1,143570000.0
2024-12-31,278.0,281.6,275.0,278.05,31930000.0
